id;title;video_length;upload_date
01;10 Tips for Selling Vegetables Like a Pro (Even If You're Just a Novice Farmer);754;2017-06-28
02;Veggie-Selling Secrets from the World's Greatest (Fictional) Vegetable Salesman;432;2018-03-14
03;How to Turn Your Home Garden into a Vegetable-Selling Empire;584;2019-01-02
04;The Ultimate Guide to Successfully Selling Veggies on the Internet;922;2020-07-11
05;Vegetable-Selling Tips from a Formerly Struggling Farmer (Now Thriving!);418;2021-04-22
06;Vegetable Selling for Dummies (Yes, Even You Can Do It);620;2017-09-01
07;The Top 5 Mistakes to Avoid When Selling Veggies Online;514;2018-05-15
08;Sell Your Veggies Like a Boss: A Step-by-Step Guide;696;2019-02-28
09;Veggie-Selling 101: A Beginner's Guide to Making Big Bucks;552;2020-08-17
10;Maximize Your Vegetable Sales with These Simple Tips;464;2021-05-01
11;The Vegetable Seller's Handbook: Expert Tips and Tricks;756;2017-11-07
12;From Struggling Farmer to Veggie-Selling Superstar: My Journey;934;2018-06-22
13;How to Sell Veggies Like a Pro: A Comprehensive Guide;792;2019-03-14
14;The Insider's Guide to Successfully Selling Vegetables Online;704;2020-09-28
15;Veggie-Selling Tips from the Experts: What You Need to Know;596;2021-06-11
16;The Art of Vegetable Selling: Mastering the Craft;874;2017-12-19
17;Vegetable-Selling Success: Achieving Your Goals with These Simple Tips;732;2018-07-27
18;Maximizing Your Veggie Sales: A Practical Guide;644;2019-04-11
19;The Vegetable Seller's Bible: Essential Tips and Strategies;536;2020-11-05
20;Selling Veggies Like a Pro: Insider Secrets Revealed;454;2021-07-16
21;The Ultimate Vegetable-Selling Handbook: Everything You Need to Know;672;2017-01-26
22;Expert Tips for Selling Vegetables Online: Boost Your Sales Today;584;2018-09-01
23;The Vegetable Seller's Playbook: Winning Strategies for Success;492;2019-05-09
24;Maximizing Your Vegetable Sales: A Comprehensive Guide;404;2020-12-14
25;The Insider's Guide to Selling Veggies Like a Pro;336;2021-08-25
26;Vegetable-Selling Secrets from the Pros: What You Need to Know;634;2017-03-03
27;Expert Tips for Boosting Your Vegetable Sales;552;2018-10-12
28;The Vegetable Seller's Toolkit: Essential Strategies for Success;464;2019-06-21
29;Maximizing Your Veggie Sales: A Step-by-Step Guide;372;2020-01-28
30;The Insider's Guide to Selling Vegetables Like a Pro;284;2021-10-07
31;Vegetable-Selling Success: Achieving Your Goals with These Simple Tips;754;2017-04-13
32;The Vegetable Seller's Handbook: Expert Tips and Tricks;612;2018-11-23
33;Vegetable-Selling Success: Achieving Your Goals with These Simple Tips;754;2017-04-13
34;The Vegetable Seller's Handbook: Expert Tips and Tricks;612;2018-11-23
35;How to Sell Veggies Like a Pro: A Comprehensive Guide;792;2019-08-02
36;The Insider's Guide to Successfully Selling Vegetables Online;672;2020-03-11
37;Veggie-Selling Tips from the Experts: What You Need to Know;336;2021-11-19
38;The Art of Vegetable Selling: Mastering the Craft;874;2017-05-25
39;Vegetable-Selling Success: Achieving Your Goals with These Simple Tips;732;2018-12-31
40;Maximizing Your Veggie Sales: A Practical Guide;644;2019-09-12
41;The Vegetable Seller's Bible: Essential Tips and Strategies;536;2020-04-21
42;Selling Veggies Like a Pro: Insider Secrets Revealed;454;2021-12-29
43;The Ultimate Vegetable-Selling Handbook: Everything You Need to Know;672;2017-07-06
44;Expert Tips for Selling Vegetables Online: Boost Your Sales Today;584;2019-01-14
45;The Vegetable Seller's Playbook: Winning Strategies for Success;492;2020-05-27
46;Maximizing Your Vegetable Sales: A Comprehensive Guide;404;2021-01-06
47;The Insider's Guide to Selling Veggies Like a Pro;284;2017-08-17
48;Vegetable-Selling Secrets from the Pros: What You Need to Know;634;2019-02-22
49;Expert Tips for Boosting Your Vegetable Sales;552;2020-07-03
50;Maximizing Your Veggie Sales: A Step-by-Step Guide;864;2017-09-28
51;The Insider's Guide to Selling Vegetables Like a Pro;744;2019-03-31
52;Veggie-Selling Strategies from the Experts: Boost Your Sales Today;656;2020-08-12
53;The Ultimate Vegetable-Selling Handbook: Everything You Need to Know;544;2021-03-23
54;Expert Tips for Selling Vegetables Online: Take Your Sales to the Next Level;432;2017-11-09
55;The Vegetable Seller's Playbook: Winning Strategies for Success;900;2018-01-04
56;Maximizing Your Vegetable Sales: A Comprehensive Guide;792;2019-05-23
57;The Insider's Guide to Selling Veggies Like a Pro;680;2020-09-30
58;Vegetable-Selling Secrets from the Pros: What You Need to Know;576;2021-04-14
59;Expert Tips for Boosting Your Vegetable Sales;480;2017-12-21
60;The Vegetable Seller's Toolkit: Essential Strategies for Success;384;2019-07-04
61;Maximizing Your Veggie Sales: A Step-by-Step Guide;288;2020-11-12
62;The Insider's Guide to Selling Vegetables Like a Pro;192;2021-05-26
63;Vegetable-Selling Success: Achieving Your Goals with These Simple Tips;900;2018-02-15
64;The Vegetable Seller's Handbook: Expert Tips and Tricks;792;2019-08-14
65;How to Sell Veggies Like a Pro: A Comprehensive Guide;680;2020-12-22
66;The Insider's Guide to Successfully Selling Vegetables Online;576;2021-07-06
67;Veggie-Selling Tips from the Experts: What You Need to Know;480;2017-03-30
68;The Art of Vegetable Selling: Mastering the Craft;384;2019-09-25
69;Vegetable-Selling Success: Achieving Your Goals with These Simple Tips;288;2020-02-03
70;The Zen of Vegetable Selling: Achieving Enlightened Success;864;2017-09-28
71;Mastering the Art of Veggie-Selling: Achieving the Next Level;744;2019-03-31
72;The Secret to Selling Vegetables Like a Guru: Advanced Tips and Techniques;656;2020-08-12
73;Vegetable-Selling Enlightenment: The Ultimate Guide;544;2021-03-23
74;Reaching the Pinnacle of Veggie-Selling Success: Advanced Strategies;432;2017-11-09
75;The Vegetable Seller's Path to Nirvana: Expert Tips and Tricks;900;2018-01-04
76;Maximizing Your Vegetable Sales: Achieving Ultimate Success;792;2019-05-23
77;The Vegetable Seller's Journey to the Mountaintop: Advanced Techniques;680;2020-09-30
78;Vegetable-Selling Mastery: The Ultimate Guide;576;2021-04-14
79;The Ultimate Vegetable-Selling Enlightenment: Advanced Tips and Strategies;480;2017-12-21